volume_weight,frictional_angle,cohesion,DJ_1,DJ_2,DJ_4,DJ_3,ZZJL,ZXZ_YL_1,ZXZ_YL_2,KWC_YL_1,KWC_YL_2,NJB_SZ_11,NJB_SZ_21,YG_A_2,YG_B_2,YG_C_2,YG_D_2,YG_E_2,YG_F_2,DJ_5
23.05928251,47.73781764,47.08535127,76712.5,11.8625,10020.625,1.165,33.59333333,3.53125,3.50625,2.755625,2.735,78,78,79.625,123,133,207.125,102.25,87.375,13.875
23.20342528,48.6989997,48.02227948,77340,12.19568345,10260.31175,1.170158273,29.93333333,3.534848921,3.934733813,2.783597122,2.760791367,78.32086331,78.64316547,76.12374101,122.4460432,132.8489209,218.8863309,100.6690647,86.51510791,14.31294964
23.35064556,49.68121734,48.98401476,77202.2756,11.85689001,8711.238938,1.237774968,30.78666667,3.538192162,3.706131479,2.812225032,2.789228824,76.99494311,78,75.15802781,121.5600506,130.1441214,227.8836915,95.07206068,86.46270544,14.74178255
23.50310259,50.69784846,49.97505457,76526.51806,12.74381245,10604.29669,1.205272867,31.64,3.53537279,3.506272098,2.791775557,2.768201384,77.4396618,78.45734051,91.78478094,117.5157571,128.501153,215.8093774,86.48424289,89.90930054,15.40814758
23.66133523,51.75462743,51.01249802,76075.69917,12.32275132,10809.48224,1.182615268,32.46,3.539554044,3.444459562,2.763983371,2.740816327,78.55253212,80.66742252,101.6507937,104.6394558,143.9062736,192.8238851,92.861678,86.88586546,14.61829176
23.82149278,52.82279294,52.05601926,77138.21678,12.27328671,9644.664336,1.155916084,33.68,3.551923077,3.474923077,2.751657343,2.727972028,80.46363636,82.20839161,106.1986014,113.620979,141.4937063,186.2741259,94.75804196,93.0027972,14.24125874
23.88583212,53.37344331,52.75820799,75963.70523,11.4268595,9350.547521,1.189256198,32.90666667,3.526411846,3.448285124,2.701528926,2.678195592,75.94352617,81.04889807,95.36639118,126.0798898,136.7754821,178.0950413,98.90082645,91.8677686,13.63464187
23.87973718,53.54396496,53.21349773,76410.34314,12.79663866,10901.72969,1.141568627,33.3,3.544362745,3.492640056,2.764502801,2.741848739,74.39985994,80.8942577,75.20868347,138.719888,137.1526611,184.3361345,102.5378151,96.48739496,14.60994398
23.87151456,53.69936554,53.64828372,77780.72267,9.753821138,8623.742547,1.144108401,34.42666667,3.51401084,3.397913279,2.761073171,2.738363144,76.20379404,81.24173442,77.63577236,152.7501355,141.9327913,185.7680217,98.4498645,92.35555556,11.20813008
23.86666667,53.88024147,54.11975853,78136.28495,10.92749667,9626.786455,1.202609854,34.16,3.523089214,3.399340879,2.832909454,2.81017976,75.32956059,79.31424767,91.73635153,147.3595206,140.5339547,184.8455393,90.84287617,96.32490013,13.19773635
23.85891397,54.04236179,54.567877,75453.17618,11.41550696,10378.68787,1.182823062,41.10666667,3.525208748,3.415016567,2.831272366,2.80916501,75.63949636,78.84824387,110.813784,111.0854871,137.8581842,172.0410868,94.08349901,93.72432074,13.54937044
23.85225521,54.21141545,55.02247007,76425.17312,10.196968,10012.99551,1.188714206,34.95333333,3.386075239,3.212942167,2.786395284,2.764048287,78.12408759,78.8062886,105.2330152,110.6625491,149.0230208,166.1089276,111.8899495,83.30039304,12.17069062
23.8445157,54.37543167,55.47442855,77419.88921,12.20960983,10638.01879,1.163395954,34.84,3.286654624,3.163858382,2.667210983,2.644140173,76.4400289,81.65101156,106.0924855,132.5419075,160.2297688,159.75,111.6531792,65.92485549,14.25144509
23.83849579,54.55203695,55.94326241,75900.5698,12.23561254,10672.52849,1.166908832,34.50666667,3.283069801,3.193069801,2.611880342,2.589045584,76.39031339,81.54415954,106.4088319,110.8133903,172.1068376,152.505698,105.2051282,72.52849003,14.32763533
23.78988115,54.37850776,56.01403103,73372.35339,14.0790556,10589.72582,1.094516375,33.18,3.270715918,3.185940594,2.603305407,2.580388423,70.67479056,79.90403656,106.2650419,71.43335872,172.7159177,160.8849962,103.3648134,74.68849962,15.44706778
23.73532716,54.15680767,56.02842036,73232.82931,12.82844895,9979.97105,1.189025721,34.42,3.268261886,3.180826189,2.627677319,2.60441933,69.97194076,81.16913484,104.1184723,55.52611068,172.4271239,175.2330475,105.2876072,71.71784879,15.28994544
23.68202414,53.94344303,56.05192658,74260.59603,12.299117,10383.58352,1.184841795,34.4,3.265025754,3.171670346,2.606320824,2.583465784,70.74319352,81.03311258,104.2899191,51.29359823,175.4584253,180.8388521,108.3767476,72.67844003,14.64201619
23.6276233,53.72360146,56.07034095,72479.64539,11.91432624,10759.2695,1.205716312,33.3,3.266205674,3.176822695,2.55222695,2.528524823,70.30141844,78.85815603,112.5574468,30.31631206,168.929078,177.5134752,103.4269504,81.79716312,14.41985816
23.57451143,53.51225571,56.09788009,75208.4585,12.55312253,10710.04743,1.16344664,34.44666667,3.280948617,3.286118577,2.574079051,2.549802372,69.13596838,79.35177866,95.09407115,126.6197628,149.7233202,184.1833992,88.22924901,72.70039526,14.65612648
23.51994033,53.29172882,56.11636002,75311.15421,13.8067053,11403.74172,1.106821192,35.78666667,3.288021523,3.686514901,2.597549669,2.573733444,67.91804636,80.38493377,102.4039735,118.0264901,149.4089404,184.8509934,88.07119205,72.61092715,15.31953642
23.46661689,53.07997345,56.14600962,74224.75472,12.17615094,10703.95094,1.16125283,34.04,3.302128302,3.337758491,2.606762264,2.5836,74.07320755,80,94.77433962,118.2203774,134.0498113,183.1320755,95.34490566,82.37433962,14.1909434
23.4104267,52.84791632,56.14776689,74874.83533,12.59685629,10040.21124,1.185823353,31.14,3.270606287,3.199857784,2.613495509,2.590247006,67.30164671,76.37200599,78.5239521,114.7095808,127.8577844,192.3338323,115.1092814,84.94610778,14.98502994
23.44305902,53.07747298,56.4319202,73641.36933,13.23259402,10537.06525,1.17972999,29.94666667,3.267116683,3.186335583,2.524937319,2.500221794,68.51108968,80.73288332,75.41369335,111.2459016,123.6219865,191.5699132,114.4050145,85.68370299,15.64898746
23.85842414,55.57703269,58.77015926,75833.57401,14.23261131,10579.86763,1.146883273,35.3,3.292322503,3.403237064,2.567797834,2.544777377,68.90734055,83.69915764,86.25030084,153.9253911,136.5487365,173.1046931,97.49939832,82.19735259,16.37906137
23.91904282,55.94542401,59.12678421,73803.96894,14.59663503,9872.628343,1.192320966,36.41333333,3.280931838,3.440802416,2.567264884,2.544572908,65.82484901,82.9732528,83.6824849,101.1182053,151.5289042,184.0534944,95.16824849,85.85332183,17.44779983
23.9118516,55.91489005,59.14403223,70059.15326,14.03767993,10013.4293,1.219220999,36.02,3.279229467,3.238458933,2.596325148,2.573293819,63.23116003,82.92294666,76.50973751,75.41066892,137.2277731,185.6917866,109.0736664,76.78238781,17.16426757
23.90742358,55.90426604,59.18995633,68068.19763,11.72936674,8085.956855,1.166402227,36.26666667,3.284906054,3.153472512,2.63506611,2.6117119,68.44258873,81.32428671,76.13639527,88.10299235,124.9951287,169.7341684,108.0876827,78.74182324,13.92275574
23.90183101,55.88761969,59.2326558,75458.95097,9.98945268,7419.247434,1.12391106,32.3,3.263722919,3.168375143,2.518483466,2.494686431,71.70068415,81.93215507,96.995439,122.9087799,134.2417332,175.9942987,96.47548461,96.03078677,11.35518814
23.89658881,55.87145018,59.27121492,76979.08309,9.915759312,8288.040115,1.081444126,33.86,3.140418338,2.984951289,2.562510029,2.539266476,66.17879656,79.49340974,103.7123209,102.6796562,153.1117479,180.077937,96.16160458,96.76332378,10.8017192
23.89052419,55.84811828,59.29670699,72632.51741,12.31392758,9618.603064,1.120501393,36.26666667,3.180494429,3.060369081,2.498342618,2.474637883,68.59192201,82.50487465,89.51671309,121.0069638,141.6267409,177.8969359,84.80779944,78.36490251,13.83774373
23.88495545,55.82955119,59.33182047,71277.68199,11.68735632,8941.542146,1.107024266,36.15333333,3.243984674,3.216784802,2.525555556,2.50142401,66.56002554,80.64367816,80.08748404,118.8033206,138.0721584,175.5823755,87.56449553,81.15517241,13.00127714
23.8805649,55.82111634,59.38550773,71209.27961,11.36050061,9125.863248,1.118205128,36.92,3.249108669,3.445647131,2.442472527,2.418528694,66.04090354,81.26678877,77.06349206,109.6019536,128.991453,183.2637363,96.97313797,83.41758242,12.74908425
23.89964694,55.96788837,59.64794889,73321.8382,9.546185356,8450.801331,1.107762417,36.51333333,3.195729647,3.122601126,2.440977983,2.417014849,61.14951357,78.15360983,71.3343574,104.3205325,123.2319508,199.0865335,114.9462366,84.49564772,10.60957501
23.95923685,56.38527484,60.28223231,73057.24585,11.67901947,9508.053353,1.173251622,34.5,3.151586157,3.010713771,2.48814708,2.464318673,66.08435472,80.86012978,66.1297765,104.5378515,127.6640231,200.8493151,113.8385004,81.49819755,13.75342466
24.01856086,56.8031271,60.9199731,72280.45113,14.89567669,8609.308036,1.18018797,35.18,3.088195489,3.004154135,3.163016917,3.142171053,69.1137218,84.43515038,74.56015038,101.0601504,118.8928571,191.5845865,106.5413534,97.41353383,17.68233083
24.07967042,57.23289053,61.57474357,68755.77211,14.02818591,9165.570251,1.127376312,36.18,3.218928036,3.398298351,2.560209895,2.537368816,73.05172414,85.50224888,75.14842579,99.51124438,111.5742129,179.6761619,100.8215892,89.69565217,15.90104948
24.13853396,57.64677202,62.20544721,70935.5,14.1280303,10195.88258,1.117424242,33.4,3.228901515,3.307227273,2.572090909,2.547606061,71.70151515,83.39545455,86.37727273,101.1893939,111.6575758,185.6166667,103.9454545,86.88181818,15.86515152
24.19973096,58.07617286,62.85791155,68332.64322,16.43246231,10233.91134,1.186271357,34.28666667,3.178703518,3.16961809,2.514673367,2.490080402,67.43115578,83.63417085,78.39396985,98.18894472,112.0562814,161.0693467,119.3246231,81.67035176,19.52663317
24.26028917,58.49865501,63.49445192,68318.94439,15.2836475,10417.62017,1.201743638,38.46666667,3.159594722,3.095414703,2.508553252,2.483459001,66.72196041,84.0202639,68.96229972,100.998115,129.5447691,163.7078228,111.6578699,75.07822809,18.41611687
24.32377587,58.94800606,64.18105334,67628.08042,15.66828794,10193.52032,1.200603113,35.5,3.146488327,3.06405642,2.489902724,2.465894942,66.71108949,85.73832685,63.59143969,94.47859922,126.0330739,156.536965,127.9455253,73.08560311,18.85992218
24.27950311,58.43662918,63.36008058,67538.94293,15.99309339,10604.47429,1.169455253,35.64,3.15811284,3.259970817,2.393570039,2.369708171,67.12062257,85.69649805,60.68093385,78.80155642,133.4708171,159.8249027,136.3579767,67.71984436,18.75291829
24.22294285,57.81632311,62.3757332,71738.08648,15.37644894,10804.24103,1.161711132,34.29333333,3.22675253,3.344139834,2.532529899,2.509034039,67.76724931,84.41214351,60.1324747,128.0864765,131.849126,184.9273229,115.374425,63.41674333,17.91076357
24.16643801,57.19173498,61.37928727,67730.54929,13.30579383,9441.068473,1.219894658,33.84,3.137133183,2.98048909,2.340428894,2.316516178,70.04063205,84.49435666,52.83521445,82.20015049,136.7915726,173.7276147,135.778781,55.64183597,16.2896915
24.11177748,56.58486468,60.4109589,64862.32179,15.50936864,10441.59878,1.195397149,33.38666667,3.107138493,2.970458248,2.322372709,2.298004073,67.96130346,86.84928717,70.50101833,80.3706721,122.4949084,153.5519348,118.1710794,68.18126273,18.57637475
24.05747165,55.97931955,59.44229486,65274.72637,15.80776119,10570.13077,1.168338308,34.42666667,3.11041791,2.985283582,2.361412935,2.337104478,69.38208955,83.59402985,68.95920398,87.58606965,110.0696517,161.5621891,109.4547264,83.52437811,18.52238806
24.00106525,55.35735686,58.4494008,64836.09134,14.91788256,10224.53069,1.188362989,35.46666667,3.176316726,3.101565836,2.375062278,2.350862989,69.40213523,83.68950178,74.49822064,82.38078292,101.1441281,177.1690391,100.6886121,79.84875445,17.77935943
23.97785536,55.11886949,58.07697423,66163.28767,14.27260274,10171.31507,1.178958904,36.56333334,3.176219178,3.121260274,2.447589041,2.423424658,64.50136986,80.05205479,73.95616438,87.35890411,105.1890411,188.9863014,96.93150685,75.34794521,16.87671233
24.22835154,58.29907315,63.30321086,70392.83422,13.95572193,11155.3262,1.177604278,37.66,3.210951872,3.155818182,2.376877005,2.352759358,71.78181818,84.99037433,88.81283422,92.7657754,118.8534759,164.5925134,116.684492,87.71550802,16.49197861
24.27210457,58.84265387,64.19308405,72036.7236,13.95815217,11230.92909,1.164223602,38.66666667,3.222903727,3.272546584,2.385046584,2.360395963,71.44720497,82.63043478,73.46583851,105.4021739,115.3524845,160.6692547,120.5357143,117.1024845,16.29968944
24.25990738,58.77174992,64.09940457,73234.31034,13.63112069,11027.64655,1.190931034,35.81333333,3.171293103,3.101672414,2.399155172,2.375663793,65.35862069,83.18706897,97.0862069,89.97758621,112.5534483,170.5103448,114.3344828,115.4103448,16.27758621
24.19238663,58.05958292,62.96706389,72135.26705,13.99580937,11749.71244,1.193097781,38.3,3.162662284,3.073730485,2.432818406,2.408192276,64.63352506,82.83648316,90.5505341,94.9663106,123.6187346,176.4617913,111.1750205,88.71158587,16.73788003
24.12180464,57.32764901,61.81009934,70862.84916,13.34740623,11469.95611,1.214126097,38.63333333,3.139329609,3.030422985,2.397422187,2.37301676,65.06384677,83.28411812,82.74541101,84.15802075,126.9497207,181.67917,111.9281724,83.29928172,16.25458899
24.05148252,56.59499752,60.65048865,71067.64965,13.92112676,12029.49604,1.195809859,37.97333333,3.1525,3.043142606,2.376496479,2.352297535,66.61443662,83.7306338,80.0721831,80.12323944,127.8309859,175.2728873,126.4683099,81.50176056,16.68926056
23.97924466,55.85058804,59.47457346,69586.4619,14.41224315,11790.49346,1.169811644,36.44666667,3.147671233,3.054708904,2.322294521,2.297765411,70.06934932,84.14212329,70.91438356,87.30650685,125.7739726,169.7928082,124.3561644,81.32363014,16.90410959
23.91042772,55.12964191,58.33057029,73283.26333,13.85759289,9462.031502,1.167770598,38.58,2.880403877,2.77358643,2.96407916,2.943069467,64.28756058,84.68578352,63.64781906,97.96607431,121.0339257,196.80937,121.6865913,96.86752827,16.23990307
23.84140677,54.40726609,57.18513603,74238.82163,14.3094431,10382.46166,1.139435028,36.58666667,2.815803067,2.67637611,2.908337369,2.888280872,59.69249395,85.03874092,59.67554479,86.93139629,146.188862,201.0008071,124.9459241,82.83131558,16.35673931
23.76976937,53.66600299,56.01626016,74115.31766,13.83052986,9709.60471,1.198990749,37.5,2.814373423,2.676324643,2.901236333,2.881152229,60.85786375,85.80908326,59.72413793,68.4491169,154.1614802,205.6736754,137.1354079,68.69470143,16.62068966
23.71779548,53.10292165,55.08582337,74806.65371,13.95205592,9967.859944,1.208092105,37.38,2.798930921,2.645690789,2.894662829,2.873585526,55.41776316,84.37335526,48.80263158,50.76315789,173.7006579,222.4375,145.5032895,52.03782895,16.89720395
23.75904053,53.39718776,55.31381307,75681.49847,14.28648874,10262.39545,1.200083403,35.90333334,2.812552127,2.652376981,2.910650542,2.88910759,59.59633028,84.9441201,50.53878232,49.42118432,175.4912427,226.1884904,150.3569641,48.08673895,17.18765638
23.8004451,53.69568084,55.55209364,75985.66635,15.25139022,10666.93193,1.164908917,34.42666667,2.834956855,2.708149569,2.924918504,2.902790029,62.53403643,87.35091083,48.8801534,61.57238734,170.8782359,216.569511,155.9424736,52.37775647,17.8168744
23.84189944,53.99227736,55.78409464,76265.50245,15.4390625,10867.06738,1.193933824,33,2.859696691,2.776792279,2.926102941,2.904604779,60.01654412,87.30055147,42.97242647,62.50735294,177.3253676,216.6599265,161.0091912,47.25919118,18.48483456
23.88348624,54.28997379,56.01982307,76684.26387,14.26287171,9615.878141,1.190246389,35.48666667,2.860841121,2.774919286,2.93097706,2.908657604,61.46049278,84.82922685,57.47153781,73.90314359,160.0169924,218.8343246,154.3211555,49.62276975,17.01614274
23.92375898,54.58001306,56.24951012,76484.37245,12.4204564,11201.00652,1.193480033,37.25333333,3.559559902,3.445778321,2.707718011,2.683838631,69.38386308,80.98859006,75.21760391,88.37652812,151.202934,194.3341483,143.1589242,66.49714751,14.85330073
23.96435547,54.87011719,56.47900391,70275.98628,15.07229846,10224.17067,1.203104631,37.31333333,2.795823328,2.671723842,2.884142367,2.862169811,59.0102916,87.47512864,85.39794168,38.07204117,155.9982847,169.025729,133.9725557,71.68610635,18.1745283
24.00548434,55.16485478,56.71426253,72234.04028,15.06713352,10217.93651,1.197815126,36.33333333,2.784995331,2.638832866,2.878067227,2.8556676,63.73295985,87.24929972,94.30999066,74.93557423,146.085901,173.8095238,117.5835668,72.52847806,18.07936508
24.03278768,55.20275527,56.46839546,73619.04509,14.08894783,9831.795756,1.206401415,37.28,2.812838196,2.695375774,2.890999116,2.868558798,56.93103448,86.07338638,80.05481874,86.33244916,146.22458,189.2183908,118.2369584,74.19628647,17.0495137
24.04667316,54.9719247,55.71032132,73594.30328,13.83295082,10046.21721,1.194098361,36.73666667,2.815959016,2.731163934,2.885139344,2.861491803,52.91311475,82.58606557,78.6,87.77213115,129.2098361,191.5081967,134.2098361,72.94754098,16.55860656
24.06141719,54.74809036,54.96326995,74306.52906,14.74406066,10072.42628,1.166992418,36.19333333,2.841213142,2.773251896,2.9031508,2.877877001,56.53580455,85.1811289,78.70092671,87.70176917,129.4187026,192.5880371,137.0042123,75.67481045,17.24557709
24.07511393,54.51595052,54.20345052,75176.01845,14.29292852,9486.272098,1.19537279,39.68666667,2.819976941,2.743474251,2.883128363,2.859323597,51.15680246,85.30668716,68.93927748,73.43428132,147.3697156,207.1222137,138.88701,69.09761722,17.12682552
24.08880561,54.28254848,53.44174678,75024.67178,14.70691538,10295.15469,1.209863512,37.54666667,2.802538672,2.697188353,2.87377616,2.850054595,53.62784349,87.72975432,63.8289354,64.38762511,150.4258417,213.44495,146.0436761,62.15832575,17.8343949
24.1021044,54.04616639,52.67357259,75635.23899,15.35173383,10766.2418,1.204198688,35.18,2.804095595,2.698875351,2.873064667,2.849072165,50.75164011,87.04592315,58.85285848,61.2108716,155.2783505,214.0843486,156.6298032,58.34301781,18.5267104
24.11750286,53.82350057,51.92449747,74654.91329,14.78815029,10303.10212,1.207591522,35.89333333,2.794210019,2.681637765,2.862919075,2.838188825,51.8477842,88.01348748,53.25433526,66.19653179,152.8458574,220.0655106,145.7495183,58.49518304,17.90944123
24.09019416,53.83357807,52.25566977,75258.23723,13.98319605,9151.087315,1.179093904,36,2.819176277,2.693912685,2.898039539,2.87378089,59.70016474,87.84266886,52.40197694,65.20593081,152.3855025,208.0065898,158.9489292,66.53047776,16.54036244
24.03753861,53.9809787,53.22597952,74709.2803,15.57746212,9798.161827,1.177443182,35.19333333,2.798589015,2.701931818,2.868693182,2.844886364,54,86.82575758,37.3655303,50.80113636,177.8560606,191.2594697,183.7859848,51.05871212,18.38352273
23.9872206,54.14075154,54.2058633,74745.00471,15.85749293,10266.51272,1.179151744,36.24,2.831479736,2.750527804,2.895428841,2.872488219,54.7200754,85.91611687,41.60980207,48.7332705,179.1234684,189.0329877,180.2299717,54.36757776,18.73232799
23.93680982,54.29657733,55.17759122,73016.0179,15.00704698,9578.782359,1.173624161,37.89333333,2.819597315,2.745939597,2.874043624,2.851182886,46.8011745,83.07298658,62.83557047,67.03691275,156.0620805,170.0553691,160.5100671,66.98154362,17.63506711
23.8850362,54.44102977,56.13000805,72666.45943,12.96706858,9035.381311,1.206721929,37.16666667,2.778425019,2.652170309,2.848477769,2.825666918,51.47174077,84.63149962,52.6360211,77.84024115,145.6880181,188.5064054,149.8251696,68.61642803,15.69630746
23.83414556,54.58672651,57.07694774,74957.27117,15.30496151,10640.14115,1.189974337,36.89333333,2.789520958,2.647416595,2.867767322,2.845098375,50.26689478,85.16424294,47.74508127,93.51753636,158.4687767,184.0153978,156.2566296,66.37296835,18.26689478
23.78330671,54.72891374,58.01341853,74251.03245,13.15125369,9250.951327,1.208775811,39.08666667,2.789830383,2.671629794,2.853923304,2.830634218,49.31637168,84.5840708,50.17256637,77.2979351,151.0221239,195.079646,149.6887906,75.12389381,15.9439528
23.73446355,54.88077046,58.95542821,76769.15398,16.41731557,10936.15266,1.215204918,34.13333333,2.846895492,2.714938525,2.912223361,2.888473361,55.32581967,87.73565574,65.73155738,66.24385246,169.0061475,181.954918,165.2766393,69.29713115,19.99795082
23.73800668,54.67318391,58.34557304,66913.21012,14.59812126,10728.55437,1.197472246,37.48,2.709017933,2.56442357,2.773654996,2.750811272,50.15029889,92.14005124,74.55166524,66.22544833,138.0392827,170.5687447,115.6549957,62.33304868,17.52177626
23.78966121,54.1975505,56.48162876,69173.6536,14.31292035,9645.654867,1.22320354,33.54666667,2.753814159,2.648380531,2.827495575,2.802230088,53.31504425,92.2920354,62.6619469,67.78584071,142.460177,183.6247788,127.9097345,64.17168142,17.53451327
23.83905156,53.70528326,54.59452578,67878.05601,13.6789861,9256.371218,1.223679477,36.5,2.71949305,2.649623876,2.768103025,2.744047424,48.32624693,87.66966476,58.45625511,60.75715454,145.8855274,179.8593622,128.4317253,61.61733442,16.77105478
23.89038829,53.22612985,52.72501591,68663.04,13.99824,9410.456727,1.158688,38.39333333,2.693616,2.61776,2.742768,2.718688,49.0568,84.8792,44.6112,47.6,166.9568,185.1008,143.2512,49.784,16.28
23.94119427,52.7410828,50.84267516,69538.94108,14.65072588,9253.620837,1.156003416,37,2.691050384,2.616558497,2.742186166,2.718163962,49.72672929,85.17164816,44.38257899,46.1383433,170.1093083,178.2442357,156.7002562,48.95815542,16.97438087
23.98093571,52.59150223,49.98090388,69409.22449,14.09885714,8872.367347,1.182791837,36.69333333,2.688065306,2.607281633,2.73924898,2.71644898,49.57959184,84.7477551,43.90693878,48.31836735,167.4677551,181.0628571,153.4334694,49.68979592,16.71591837
24.00879924,52.72442821,50.00063532,69747.88618,13.62723577,8656.747967,1.187414634,36.97333333,2.669333333,2.57501626,2.721317073,2.700121951,46.94390244,85.39593496,44.38536585,48.94634146,158.3398374,190.4178862,155.6747967,49.5300813,16.21788618
24.03889329,52.87030284,50.03393055,70881.08273,13.59555175,8969.013045,1.198802395,28.5,2.69439692,2.969820359,2.724174508,2.702070145,47.34987169,87.43284859,42.19332763,48.4465355,158.011976,188.3883661,167.3926433,53.50556031,16.34302823
24.06889839,53.01804368,50.07344096,70931.42258,13.44870181,8972.48467,1.195798584,38.98666667,2.702942565,3.179055862,2.737663257,2.712848151,52.61447679,89.75216365,46.97088906,42.53973249,165.3642801,190.9724626,163.8111723,45.94020456,16.122738
24.09570368,53.14184173,50.07866056,70000.82258,13.85508065,9121.661738,1.196677419,37.34,2.686258065,2.610879032,2.730258065,2.706008065,57.25887097,90.17741935,49.37258065,48.66290323,167.8596774,167.5483871,168.5096774,46.74354839,16.62419355
24.13475379,53.81707702,51.51515152,69775.27473,14.02503925,9144.089482,1.190313972,37.92666667,2.676428571,2.582456829,2.724952904,2.701585557,54,87.08948195,42.34850863,39.10675039,172.6703297,179.1459969,170.9434851,39.24646782,16.7433281
24.17601325,54.70004731,53.51648005,70447.10966,14.68452381,9022.802198,1.197234432,37.40666667,2.673727106,2.561272894,2.734880952,2.711721612,50.09065934,87.3003663,48.78388278,46.93772894,155.2582418,181.8663004,173.2619048,46.05677656,17.61813187
24.21966567,55.59927456,55.53887399,69048.63115,13.35,8698.861418,1.205263158,36.28666667,2.673803056,2.557359932,2.732699491,2.709762309,55.15280136,87.30814941,52.70797963,64.57724958,146.8913413,174.2903226,154.6943973,51.08998302,16.13242784
24.26097715,56.48069346,57.53506698,69158.2566,14.39607547,9011.753962,1.196392453,37.02,2.650309434,2.518384906,2.71050566,2.686649057,58.04377358,92.38716981,64.40301887,57.86415094,141.0460377,165.0898113,149.4535849,69.74943396,17.26415094
24.30324512,57.36925016,59.54064272,69640.73564,13.9072324,10064.70974,1.173018322,30.00666667,2.743702989,2.579816779,2.804349084,2.783153327,48,87.95756991,66.71552555,82.42622951,137.7492768,156.6885246,141.0221794,72.81581485,16.35969142
24.34490631,58.25224374,61.53865533,70310.60873,14.16486043,9439.629744,1.174811166,37.66,2.752183908,2.607635468,2.818924466,2.798760263,51.44827586,87.59441708,61.7816092,72.09852217,138.1904762,164.9014778,146.817734,78.53694581,16.68719212
24.35920578,58.52770366,62.1473866,71147.80894,14.6260298,9642.577271,1.162751972,35.18666667,2.749815951,2.594829097,2.814943032,2.794881683,52,86.30762489,41.78965819,48.31025416,160.1174408,183.3531989,163.9368975,64.95705521,17.05170903
24.31920623,57.5755642,59.93805447,71611.51596,14.26751227,9341.469189,1.192716858,37.27333333,2.746448445,2.611448445,2.800065466,2.778338789,47.02045827,91.5507365,44.45008183,48.09001637,156.9279869,186.6055646,168.8265139,60.85270049,17.05973813
24.28091709,56.64520611,57.7704184,71784.55529,13.92272367,8814.676344,1.218844022,36.14666667,2.93418844,2.839144893,2.941741884,2.920815519,57.68250198,92.06730008,44.42913698,72.65558195,152.6254949,185.1005542,161.3998416,55.01346002,17.00738981
24.2419755,55.72189893,55.62940276,72516.93166,13.14962343,9132.414226,1.207297071,36.97333333,2.976368201,2.89232636,2.986669456,2.965757322,61.87196653,92.56569038,52.23430962,54.83179916,155.1012552,203.7924686,155.0610879,52.79832636,15.92468619
24.20437557,54.8187481,53.53099362,73806.76759,13.69073909,8786.317494,1.185627783,37.00666667,2.974390027,2.888014248,2.981923419,2.960080142,52.94746215,89.09082814,61.73998219,71.7969724,142.6945681,197.2128228,156.1032947,61.0222618,16.27426536
24.16666164,53.92554635,51.45697061,74391.18804,14.08961448,9106.062593,1.165538946,37.04,3.010039339,2.880739575,3.006129032,2.985853659,50.29425649,84.1620771,62.28638867,71.81274587,143.84107,194.7710464,157.4429583,66.68922109,16.47678993
24.13192285,53.06085526,49.43256579,73469.15339,14.25691534,9294.576697,1.162380553,37.28666667,2.935230511,2.865096396,2.941114837,2.918440905,51.44844929,85.80217938,63.93461861,64.78290025,145.5088013,189.6412406,155.0662196,68.79966471,16.62615256
24.0850927,52.71638756,48.89503589,73837.79468,14.35163498,9608.548911,1.158889734,38.95333333,2.971072243,2.884448669,2.965498099,2.944326996,53.23954373,85.85627376,64.70722433,71.24410646,146.5855513,185.9665399,154.2904943,69.72471483,16.68288973
24.04068759,52.42409567,48.46935725,73507.28033,13.34702929,8777.523013,1.21976569,36.13333333,2.964560669,2.851598326,2.960953975,2.939623431,49.98995816,89.18828452,61.61841004,61.3623431,142.9874477,198.9121339,154.9338912,67.24518828,16.32426778
23.99593241,52.12953492,48.03947959,73336.82382,11.66350225,8284.781377,1.130314304,39.76,2.964688903,2.877042976,2.991507377,2.969397049,55.40731238,87.90314304,53.22771007,60.13341886,132.3014753,202.1398332,163.1096857,76.05131495,13.21488133
23.95011212,51.82942144,47.60726566,73729.6269,12.62709867,8749.771723,1.177967599,34,2.9289838,2.794270987,2.996656848,2.975854197,59.24447717,89.8622975,67.02209131,41.47569956,144.9351988,179.437408,173.4992636,81.38880707,14.93556701
23.90752206,51.5495738,47.19754748,72307.2,12.60785455,8732.210909,1.166472727,40.90666667,3.008523636,2.895534545,2.963985455,2.943403636,56,87.71345455,66.99636364,42.46981818,149.232,179.2436364,167.8923636,66.54836364,14.75709091
23.8616719,51.2483924,46.75788844,71721.75749,12.77738832,8441.294908,1.170226804,40.77333333,3.006948454,2.885408935,2.971876289,2.94990378,55,85.7580756,63.83367698,46.44123711,152.3065292,187.7140893,154.8563574,61.72646048,15
23.81703815,50.95482423,46.3328347,69823.81371,11.43637961,8193.444012,1.117082601,29.74666667,2.976019332,2.803479789,2.943602812,2.920184534,60.44639719,85.08084359,58.73110721,44.98769772,150.1089631,199.3462214,137.7047452,57.84710018,12.82776801
23.77242669,50.65993417,45.90065829,75953.14061,10.52216274,11620.58887,1.073072805,38.03333333,3.053549251,3.147746253,2.927210921,2.903361884,69.28426124,82.12633833,72.36830835,102.506424,150.9807281,207.4582441,100.1188437,87.81691649,11.3891863
23.7274237,50.36445242,45.47351885,78241.38132,11.06391753,8579.407216,1.148337629,36.99333333,3.379259021,3.467190722,3.502532216,3.481043814,64.94007732,88.11146907,78.51675258,92.84793814,130.992268,214.8621134,126.314433,98.58376289,12.74420103
23.68249551,50.0706164,45.04563136,76724.63267,13.28798617,11204.19908,1.187104581,37.05333333,3.646413137,3.723535004,2.83891962,2.814770959,69.47104581,84.92480553,114.3128781,53.04407952,126.573898,204.2264477,126.6413137,95.11322385,15.81201383
23.63784795,49.77611494,44.61762945,75548.28001,12.24771755,10055.90163,1.201212553,40.04,3.665877318,3.739700428,2.843787447,2.819629101,69.47931526,84.83309558,129.7589158,59.91583452,131.8616262,194.9386591,110.4978602,80.40941512,14.76533524
23.59407274,49.48884897,44.19922167,74853.88551,12.7661435,10614.44934,1.163243647,37.33333333,3.59348281,3.647496263,2.821106129,2.796883408,68.46562033,83.04409567,114.4783259,83.52914798,129.1674141,193.0508221,104.8565022,80.72795217,14.90284006
23.5725408,49.42871687,44.2244348,74085.05407,12.57736536,10422.75983,1.15007278,36.20666667,3.608318777,3.657983988,2.80775837,2.783195051,68.75909753,84.13100437,100.5138282,92.69432314,119.7874818,182.0858806,113.6011645,95.29694323,14.51746725
23.57980812,49.65759256,44.81037326,76544.32203,12.38587571,10958.20878,1.158079096,37.6,3.612387006,3.666758475,2.78105226,2.755847458,68.56850282,85.32838983,87.47457627,102.9237288,113.8149718,182.8940678,126.0367232,120.240113,14.38347458
23.58615984,49.88109162,45.38611486,75763.80282,11.90943662,10312.23692,1.199873239,38.26666667,3.625943662,3.683042254,2.784957746,2.760225352,68.97676056,85.6915493,79.53098592,93.42535211,129.4521127,189.2816901,126.7450704,102.4309859,14.33521127
23.59412913,50.11492492,45.97897898,78115.12376,11.0509901,10818.18585,1.209059406,38.07333333,3.632543317,3.695470297,2.824622525,2.799962871,69.69183168,85.48638614,87.12252475,65.46534653,125.5556931,181.6014851,138.9665842,146.5,13.40408416
23.6027807,50.35469713,46.57898692,78448.7303,13.7530648,11900.21502,1.20145359,33.15333333,3.627469352,3.697723292,2.830639229,2.805674256,68.73292469,86.04903678,103.7915937,45.24343257,149.0262697,177.9246935,134.2119089,130.7583187,16.56917688
23.61015343,50.5868231,47.17283394,81030.00688,11.38644184,12160.66345,1.165381968,38.28666667,3.74092223,3.809951824,2.953227805,2.928802478,62.99105299,79.58981418,85.74535444,120.2257398,117.5636614,181.1947694,141.4163799,133.3764625,13.31314522
23.61781358,50.81969583,47.76313808,80817.46835,10.89424051,13064.96994,1.170734177,35.38,3.736626582,3.811417722,2.978227848,2.95428481,66,77.31455696,78.85949367,112.8924051,112.2911392,190.6367089,142.9708861,139.5721519,12.79936709
23.62550497,51.05441664,48.36147121,79851.54639,11.59167894,13086.65764,1.182592047,39.90666667,3.723129602,3.802407953,2.994108984,2.970706922,69.06185567,79.46170839,73.35346097,105.2798233,121.8188513,207.2827688,129.2650957,127.7614138,13.76583211
23.63330317,51.28950226,48.95625943,79158.7517,11.41675712,12552.8633,1.213432836,38.80666667,3.732991859,3.806024423,2.976438263,2.95187924,71.0183175,84.99050204,80.37177748,93.96065129,134.0149254,180.6132972,134.8358209,133.6729986,13.921981
23.64069767,51.52231954,49.55225008,78291.56643,12.03279872,13196.05911,1.214017642,37.83333333,3.732397755,3.806896552,2.944562951,2.920914194,70.23736969,85.66479551,82.93664796,78.16519647,136.3416199,194.0128308,136.553328,114.904571,14.67281476
23.64842026,51.75709751,50.14739229,79094.76048,12.24206587,13472.16376,1.197829341,36.44,3.726429641,3.802372754,2.950366766,2.926347305,70.19011976,84.34281437,84.51646707,90.7005988,142.7215569,200.6751497,130.4835329,100.742515,14.71856287
23.6561791,51.99207382,50.74572682,79625.36131,11.41405594,13771.54545,1.23765035,38.70666667,3.722524476,3.803244755,2.963111888,2.939356643,71.82027972,84.12727273,100.7692308,100.8881119,130.7202797,198.6097902,127.2979021,97.93426573,14.2020979
23.66465243,52.23519612,51.35695896,79635.38569,10.1161271,12038.29137,1.185515588,38.96666667,3.78632494,3.857476019,3.041894484,3.017476019,74.89928058,82.49040767,100.3561151,101.1654676,123.1270983,194.5539568,131.7769784,106.5899281,12.04016787
23.66666667,52.3396335,51.65909435,82371.86802,10.05777395,12779.93853,1.188192771,36.7,3.884205393,3.94497992,3.068978772,3.044572576,68.74698795,79.48938612,100.2019507,88.78370625,131.4779116,193.2002295,134.6425703,137.9598394,12.03442341
23.66063492,52.25109599,51.51927438,80711.18307,10.51392487,13891.97215,1.13888601,35.86666667,3.762882124,3.832564767,3.029585492,3.005608808,78.94753886,81.9734456,98.13341969,85.1126943,121.6450777,194.0829016,139.3484456,130.9702073,12.00323834
23.65462502,52.16197374,51.38071526,82047.33707,10.5823565,13682.64063,1.153401813,37.04,3.784048338,3.840205438,2.995438066,2.971522659,78.08277946,82.49546828,82.14984894,87.63746224,120.7323263,206.5099698,150.1196375,135.3836858,12.28459215
23.65066305,52.08905967,51.26506932,82142.86008,13.22197531,12266.30453,1.205580247,36.86666667,3.778806584,3.833884774,2.994814815,2.97054321,69.33415638,85.39506173,87.81399177,95.22469136,128.0987654,193.5259259,135.1325103,147.891358,15.98600823
23.64537385,52.00487438,51.13284188,81812.68598,12.35716523,11591.82571,1.221440877,37.10666667,3.785058731,3.835552075,2.980540329,2.957204385,69.49960846,84.2192639,110.8551292,72.67188724,132.5340642,199.3046202,119.6758027,144.5246672,15.14565388
23.6390991,51.91498498,50.99024024,83312.421,8.728293632,11822.7135,1.154944093,36.69333333,3.85402528,3.907875547,3.013704424,2.989523578,75.82498785,81.9479825,109.6869227,103.0461838,124.3821099,198.9907632,130.1011181,129.9173554,10.12931454
23.63322837,51.82881991,50.85844954,83778.78091,8.107245543,12995.64692,1.121012076,29.05333333,3.861546866,3.928982174,3.071857389,3.046952271,76.11385854,81.27142036,111.6860265,109.9275446,114.2967223,198.3680276,136.8108108,130.839563,9.144335825
23.62963018,51.75891601,50.74636922,78689.2492,13.64624601,9884.321086,1.189888179,34.23333333,3.433458466,3.495159744,3.552084665,3.529185304,62.39696486,86.81070288,80.77955272,95.15015974,111.5175719,202.3003195,143.8817891,116.6325879,16.28367945
23.62442451,51.67733931,50.61733931,79740.57234,13.05389507,9560.953895,1.206836248,36.23333333,3.431430843,3.487885533,3.549332273,3.526216216,63.08903021,88.44674086,76.64228935,95.22575517,110.3084261,200.8410175,153.7313196,124.5405405,15.79570747
23.61822116,51.5874944,50.47754067,80733.94998,12.40831335,11242.38295,1.208233413,36.35333333,3.879240608,3.921151079,3.05509992,3.031063149,69.84092726,85.38289369,80.71942446,110.2478018,114.1582734,195.3908873,149.8481215,122.3501199,15.03277378
23.61334923,51.50882002,50.35235399,80868.4798,13.20489015,11784.63714,1.174840539,30.5,3.865712261,3.915946137,3.069255847,3.045733522,68.64493267,84.08717222,77.45854004,115.45854,121.112686,198.7413182,140.6123317,121.1112686,15.56839121
23.60886641,51.43138947,50.23058614,79442.33083,11.80924812,11998.42105,1.158330827,34.78,3.856609023,3.925165414,3.042609023,3.01756391,75.59398496,86.84285714,64.05263158,113.993985,119.2646617,200.924812,139.4015038,124.9097744,13.72330827
23.60304425,51.34603505,50.0957826,79666.6919,12.10476911,11646.13592,1.191718395,37.36,3.860757002,3.932278577,3.003557911,2.979735049,73.11809235,86,68.0651022,110.6025738,123.2838759,203.9152157,138.0196821,118.4511734,14.47161241
23.59928815,51.27554501,49.98368679,79415.07317,13.02219512,12229.99675,1.196796748,33.45333333,3.866552846,3.906747967,3.024902439,3.000495935,70.58455285,85.19918699,71.8,110.2666667,127.2406504,202.7447154,134.5463415,112.4292683,15.61869919
23.5914654,51.17098829,49.81952882,78724.77886,12.66625387,11766.15583,1.250944272,34.6,3.875487616,3.914272446,3.0700387,3.045766254,69.55263158,85.9620743,70.2244582,103.4071207,121.8839009,205.1346749,133.7616099,118.1176471,15.89318885
23.57933848,51.02269356,49.58825274,79697.06802,11.90165041,12319.8417,1.228612153,37.48666667,3.874396099,3.913315829,3.111522881,3.087749437,71.54313578,84.45986497,78.4276069,102.4621155,114.6076519,202.3285821,138.2070518,126.7156789,14.68567142
23.56792929,50.88190731,49.36883541,80421.96746,12.76457101,12820.15955,1.181553254,35.22,3.823431953,3.887951183,3.088409763,3.064652367,73.80695266,85.25739645,80.36686391,101.658284,113.035503,200.397929,147.9585799,125.658284,15.1316568
23.55638662,50.73814126,49.14542751,78123.44878,12.34156227,12685.31319,1.165571113,36.60666667,3.772144436,3.824347826,2.995762712,2.972070744,71.58511422,84.99926308,78.79734709,107.0257922,110.8784083,191.8305085,138.7236551,121.2262343,14.45394252
23.54493595,50.59666369,48.92135836,78612.44915,13.15166802,12242.0179,1.185288853,36.17333333,3.792408462,3.841000814,3.043832384,3.020390561,69.00162734,86,66.45890968,108.0146461,110.2571196,212.4865745,133.0268511,123.2400325,15.63222132
23.19224712,45.48334343,38.51377953,79336.45718,15.20683572,12291.14195,1.209702315,37.84,3.858037486,3.930319735,3.156383682,3.133307607,73.19845645,89.4432194,72.24476295,89.47739802,159.0319735,176.2734289,142.3836825,115.3605292,18.4432194
23.16852385,45.3653293,38.56214989,81243.24554,14.00917587,11810.12638,1.201172472,37.96666667,3.842141037,3.924205607,3.076210705,3.051877655,68.37043331,86.00254885,83.13508921,92.54375531,144.8207307,179.913339,147.5480034,126.8836024,16.87765506
23.14557844,45.25227135,38.61553604,82957.30897,11.49488372,10692.43189,1.081980066,37.83333333,3.841401993,3.920697674,3.262983389,3.239833887,70.43787375,81.99069767,82.06511628,99.19734219,143.1654485,187.655814,145.7740864,135.4378738,13.00398671
23.12340651,45.14216503,38.66934141,77824.20584,10.59091487,10534.83005,1.135768742,35.3,3.846378653,3.928919949,3.076689962,3.052210928,75.91994917,86.85324015,81.00508259,106.545108,126.6035578,180.9860229,135.8945362,113.1689962,12.23379924
23.09930356,45.02271007,38.71748675,79464.1385,13.17403133,11132.17972,1.214245672,38.33333333,3.843693322,3.937023908,3.089002473,3.065548228,69.76999176,90.05935697,81.51030503,95.69167354,149.7576257,167.3784007,142.4913438,121.5630668,16.04122012
23.07768357,44.91642695,38.77713853,79729.33105,12.45471698,10718.73928,1.240240137,38.55333333,3.857469983,3.930926244,3.090694683,3.0667753,70.4193825,91.84133791,87.55060034,117.7890223,134.7975986,174.7049743,132.4888508,117.0068611,15.49914237
23.03651702,44.67625791,38.63166616,82587.1134,14.80008591,12235.73024,1.214243986,41.64,3.844415808,3.911683849,3.085197595,3.061013746,68.31701031,91.34536082,57.19931271,80.11512027,133.637457,195.5085911,171.8092784,151.1237113,18.00687285
23.13721987,45.25923683,39.23001211,83460.62446,13.14882914,11265.09107,1.187892454,34.26666667,3.785403296,3.831777971,3.053529922,3.029592368,67.6782307,85.0008673,53.89071986,85.8716392,126.0398959,217.2038161,168.2948829,146.0138768,15.66175195
23.22971827,45.76885792,39.66328385,83757.34558,13.74115192,11171.16361,1.179949917,38.84666667,3.786176962,3.830225376,3.083046745,3.059507513,62.21118531,85.08430718,73.3639399,102.6210351,129.5342237,180.7395659,162.9499165,156.1402337,16.25375626
23.31829471,46.25458125,40.07299712,82355.56191,13.2386172,11953.46832,1.164030354,35.51333333,3.789435076,3.834485666,3.058499157,3.035632378,60.29426644,83.89544688,79.60708263,102.0539629,137.9848229,182.4047218,153.3962901,131.9510961,15.45109612
23.41019388,46.76037564,40.50121175,83979.12713,13.72068311,11941.14801,1.217552182,38.76,3.788149905,3.830787476,3.015711575,2.992504744,68.25711575,91.0085389,69.17077799,96.13662239,132.5483871,182.4914611,168.2808349,157.7609108,16.74288425
23.50057567,47.25753674,40.92485987,81576.79426,13.15015949,11652.69139,1.21877193,38.14,3.784425837,3.825015949,3.064282297,3.040494418,69.44497608,91.88516746,89.68899522,95.15151515,120.6650718,189.8245614,153.6810207,129.9936204,16.08931419
23.59191032,47.75943039,41.34706863,80750.2849,14.61870845,12266.30828,1.220892688,30.98666667,3.791168091,3.828898386,3.047929725,3.023580247,69.79962013,92.668566,69.25925926,108.3760684,125.6676163,204.997151,133.3979107,132.7160494,17.89838557
23.6820206,48.25658891,41.76885792,76841.18182,14.88281818,12229.98636,1.207818182,38.78666667,3.784845455,3.822063636,2.941963636,2.918945455,71.63272727,93.90090909,58.86,99.59636364,143.9327273,165.2545455,140.9236364,128.4672727,18.02272727
23.76661618,48.72326568,42.17055438,78616.9209,14.23940678,12032.53178,1.208,38.81333333,3.787728814,3.827262712,2.9995,2.974855932,68.92118644,89.95338983,68.07966102,93.36101695,153.8898305,169.6966102,149.6372881,114.3610169,17.24661017
23.77908526,48.82462517,42.32697259,81201.374,13.44567189,11227.81396,1.212497939,38.82666667,3.881830173,3.924550701,3.06143446,3.037065128,64.80873866,85.36850783,85.32563891,103.8384171,125.5300907,193.6323166,136.3000824,133.2778236,16.34542457
23.79273388,48.93036633,42.48198607,80053.15871,13.33220339,11268.96942,1.19972265,32.98,3.863636364,3.925531587,3.036502311,3.011964561,68.91371341,88.8990755,63.02465331,110.9861325,120.2403698,203.6363636,132.9583975,139.5423729,16.03775039
23.80444848,49.02466334,42.62914208,80914.99051,13.70673624,11917.26544,1.234895636,38.1,3.889383302,3.934108159,3.049288425,3.024933586,71.56641366,93.10436433,64.18595825,113.9525617,137.7381404,185.4914611,152.1840607,121.4174573,16.96110057
23.81656581,49.12314675,42.77866868,83397.55494,15.41299907,12049.42845,1.223064067,37.1,3.881940576,3.929182916,3.063946147,3.042609099,70.272052,93.70009285,70.12256267,93.42432683,135.3054782,180.4252553,159.8867224,161.7808728,18.90714949
23.82856063,49.22044149,42.93120653,83187.40234,14.60751953,12219.54381,1.198652344,33.7,3.869052734,3.92390625,3.0228125,2.999140625,70.51660156,94.34863281,74.74609375,90.71484375,125.6171875,195.2128906,183.421875,121.2441406,17.54882813
23.84314437,49.33197279,43.09206349,83019.74334,15.61924975,12361.10563,1.193129319,30,3.883869694,3.931816387,3.034777887,3.01183613,69.74827246,94.36623889,93.3958539,82.00197433,128.6752221,182.9733465,136.6515301,174.6120434,18.66929911
23.85608282,49.43297567,43.24467281,79531.7,15.759,8859.24,1.1784,39.59333333,3.25086,3.30781,3.36442,3.34113,56.02,90,81.112,82.95,128.234,176.43,138.864,155.68,18.608
23.86851012,49.53399819,43.40057419,80542.30397,15.15111326,10048.71273,1.198896418,37.80666667,3.291926428,3.360290416,3.42696999,3.402691191,62.42110358,89.84801549,60.15295257,85.80445305,129.5605034,180.0116167,162.9390126,154.1916747,18.21103582
23.88217253,49.64058015,43.55884575,80890.85087,14.34135407,11261.78408,1.207246112,37.80666667,3.804199451,3.881866423,2.993293687,2.967465691,68.98078683,89.93961574,79.957914,110.8197621,126.0933211,198.5946935,151.7200366,103.4016468,17.35315645
23.8930717,49.72845283,43.69449057,82684.58647,14.59135338,12127.08412,1.215695489,37.80666667,3.832161654,3.888900376,3.00862782,2.984840226,71.1362782,94.78007519,79.01315789,122.862782,125.9285714,190.3533835,144.3890977,132.4962406,17.78759398
23.90673106,49.83715666,43.85858738,80869.63323,15.33009709,12402.64024,1.242243797,37.13333333,3.832664509,3.880226537,2.937324703,2.913160734,70.66666667,94.34304207,83.02912621,109.1067961,131.4822006,205.3570658,137.6893204,103.4951456,19.08737864
23.91973744,49.93964086,44.0143353,82336.4106,13.79402516,11216.58917,1.188757862,40.87333333,3.817893082,3.881187107,3.034371069,3.010644654,69.79795597,94.66430818,75.54874214,111.240566,132.7122642,194.6493711,161.7720126,108.6855346,16.44241352
23.93337357,50.0460169,44.17229934,82564.45783,13.26333907,11610.67126,1.201635112,36.25333333,3.813046472,3.89439759,3.095292599,3.076135972,66.97934596,87.4010327,76.84165232,112.2598967,143.0671256,203.0774527,157.9414802,90.26678141,15.98020654
23.94461701,50.13721351,44.31453559,77726.99742,12.20883652,8480.132548,1.154639175,39.29333333,3.273379971,3.332569956,3.382761414,3.360478645,60.12076583,89.01546392,94.16936672,81.81296024,92.97938144,210.2724595,142.3402062,117.7864507,14.45581738
23.95854063,50.24574099,44.47535052,82732.67652,12.16495426,10243.40957,1.163096411,37.83333333,3.827156932,3.891724138,3.06505278,3.040731879,68.68261787,86.1583392,93.60731879,95.55102041,103.7339901,219.5411682,143.2484166,134.6629134,14.24841661
23.97088169,50.34483798,44.62697815,83916.65258,13.08258664,9686.590025,1.184852071,38.54666667,3.811530008,3.887912088,3.147007608,3.12306847,70.98478445,93.56804734,89.77514793,98.75739645,134.3381234,197.8698225,151.8478445,127.7666948,15.59847844
23.98296687,50.44126506,44.77349398,83764.37622,12.00804094,10572.66173,1.200453216,38.22,3.821856725,3.892090643,3.081008772,3.055526316,71.99269006,90.60087719,81.29532164,69.39912281,143.501462,184.4809942,166.4122807,153.0935673,14.46418129
23.99530262,50.54245709,44.93089431,85300.30234,12.51088435,10386.1421,1.151322751,38.78666667,3.817702192,3.897535903,3.098102797,3.073741497,78.36659108,90.51020408,82.28571429,67.17460317,143.4708995,195.6643991,173.2441421,148.8798186,14.45918367
24.00877616,50.64458829,45.07948216,79756.94146,12.79290323,8994.841782,1.124315412,38.66666667,3.327390681,3.404573477,3.465204301,3.442480287,61.92043011,88.10967742,91.4609319,72.13476703,129.8681004,171.5182796,149.8781362,146.3655914,14.42222222
24.02083082,50.74277544,45.23148706,78347.11142,12.45515818,8892.097662,1.160825309,38.54666667,3.316389271,3.40931912,3.469779917,3.443541953,56.89133425,89.2042641,88.1045392,83.28610729,99.97799175,183.0756534,156.696011,137.9367263,14.48762036
24.03327817,50.84052956,45.37896796,81825.37183,13.13420822,9560.384952,1.241924759,39.21333333,3.833158355,3.929798775,3.164855643,3.141303587,73.32458443,93.19422572,88.97637795,83.73403325,97.49256343,217.8985127,155.9772528,136.1627297,16.36220472
24.04651827,50.94675891,45.5420364,81527.47157,13.74838145,10165.39808,1.214068241,39.95333333,3.874995626,3.932283465,3.118433946,3.09328084,70.8127734,92.80227472,88.94838145,90.70166229,112.5879265,207.4488189,151.9090114,125.399825,16.74190726
24.05851128,51.04210526,45.68421053,77670.97315,14.04823826,10038.48993,1.228322148,34.66,3.831241611,3.904563758,3.100016779,3.076216443,69.81208054,91.30033557,76.44463087,100.3104027,122.9379195,190.545302,141.5184564,108.9110738,17.30620805
24.07157673,51.14489704,45.84037276,77354.11423,13.50484027,9977.454017,1.200193611,28.6,3.78892546,3.840377541,3.044607938,3.019961278,65.82381413,87.81122943,80.92545983,98.9874153,122.6447241,195.7250726,137.9148112,99.63020329,16.25266215
24.08672779,51.26018338,46.00676387,76709.17722,14.0840981,10801.12935,1.136756329,35.43333333,3.796574367,3.838417722,2.983148734,2.957207278,69.1289557,90.1210443,88.79272152,94.28639241,126.3813291,183.8686709,139.0791139,95.76582278,16.02254747
24.06589543,51.29071514,46.31204928,77048.02974,12.38936803,10152.06585,1.159836431,35.85333333,3.781405204,3.82205948,2.987271375,2.962349442,64.29516729,86,94.73011152,97.51375465,111.1910781,199.470632,126.3167286,104.2884758,14.40594796
24.03551149,51.2888989,46.63121526,79640.04669,13.60420233,11071.21141,1.21892607,38.04,3.784272374,3.827284047,3.05863035,3.03444358,68.84357977,93.56420233,108.7859922,95.59688716,107.4225681,202.781323,131.4536965,111.9719844,16.62801556
24.00762992,51.30660859,46.97611895,81624.33628,15.83343166,11014.14208,1.196460177,33.24,3.772507375,3.819764012,3.01079646,2.985948869,70.15142576,94.25270403,121.9646018,73.90560472,130.8416912,167.1858407,130.5840708,155.7089479,18.98721731
23.97938129,51.32087401,47.31641388,82088.17318,14.80274551,10948.18129,1.206378036,33.3,3.772851109,3.815744456,3.040686378,3.016029567,70.62302006,93.49524815,80.64625132,88.20908131,127.655755,192.3970433,171.0580781,120.249208,17.90707497
23.95167392,51.33747185,47.65710854,80005.93804,14.16179002,10564.07487,1.21686747,38.53333333,3.783304647,3.829759036,2.956506024,2.931703959,65.27710843,90.58605852,90.60757315,90.04302926,103.2271945,197.5404475,163.4371773,116.2633391,17.2732358
23.92335635,51.35261183,47.99729811,83530.40886,13.31516184,10765.76661,1.214054514,36.32666667,3.784650767,3.825826235,3.060417376,3.035144804,68.72061329,90,83.2350937,96.4241908,104.560477,203.4190801,163.6166951,149.5843271,16.20698467
23.89414854,51.36015004,48.32933233,80073.82022,12.0305618,7876.838951,1.162801498,39.90666667,3.414307116,3.459131086,3.450966292,3.427692884,66.75655431,89.08539326,73.81273408,107.0996255,122.0838951,200.5228464,141.8397004,120.7325843,14.08913858
23.86657164,51.37863466,48.67501875,82887.59305,12.68610422,9617.169148,1.219338296,34.37333333,4.028651778,4.076054591,3.231397849,3.20617866,75.73531844,90.96856907,68.52109181,124.7791563,125.407775,207.566584,149.1761787,119.1149711,15.5130273
23.84063625,51.40873349,49.03151261,83565.91667,12.77984127,9376.375,1.234285714,32.90666667,4.031388889,4.079722222,3.259714286,3.235992063,70.19365079,90.14206349,66.32698413,128.3365079,126.4793651,204.515873,153.7904762,122.5,15.84206349
23.80946453,51.40274486,49.3479826,80867.24257,12.23199724,9649.667292,1.141990325,37.03333333,4.035390463,4.082944022,3.123545266,3.098355218,67.2902557,85,80.14651002,114.0746372,125.8244644,195.7097443,140.7767795,117.2992398,14.02073255
23.78290085,51.42767362,49.69881506,83015.25267,12.14207232,10613.58534,1.144909597,39.08,4.036648122,4.083664812,3.191397775,3.166954103,73.80876217,87.52573018,91.97635605,114.1974965,123.837274,196.3657858,143.0250348,125.0890125,13.97774687
23.75563887,51.44983503,50.04814037,83646.0943,11.434905,11147.68121,1.21460943,39.70666667,4.044595355,4.095482055,3.200021112,3.175777621,76.30119634,88.02533427,82.70091485,114.7966221,133.7987333,199.2371569,147.8845883,121.3961999,13.93736805
23.72622189,51.45364318,50.37526237,82830.66483,12.47686861,10085.893,1.21815893,37.53333333,4.018394965,4.07870181,3.259425649,3.235263572,69.39339103,90.95357986,72.72541306,108.1856806,140.0173092,192.5507474,158.4878049,118.563336,15.24626279
23.69797632,51.46874532,50.71458552,79562.33428,8.9203125,8056.947206,1.218480114,33.51333333,4.032578125,4.080603693,3.214318182,3.190078125,76.98295455,92.47230114,69.52130682,102.40625,126.2088068,196.59375,154.7357955,108.5440341,10.93465909
23.67002847,51.48272141,51.05065188,83574.94305,8.129658314,6292.309795,1.017275626,38.28666667,4.026924829,4.08867426,3.268514806,3.243252847,84.97995444,89.6191344,104.0018223,102.5175399,135.8469248,198.2341686,146.4929385,106.794533,8.320728929
23.64163669,51.49706235,51.39148681,82049.9661,9.483525424,7591.708475,1.04299661,34.72666667,4.004752542,4.085322034,3.246230508,3.221525424,72.48135593,82.06033898,94.25627119,95.97559322,114.3105085,201.8427119,147.639322,129.3179661,9.94779661
23.62331684,51.48933873,51.58209627,84146.13319,9.322986037,8617.083781,1.143909774,39.98,3.998480129,4.09046724,3.216584318,3.191707841,69.81632653,85.15843179,92.52309345,85.26423201,118.4221267,207.4135338,152.7808808,146.8560687,10.72663802
23.6178802,51.45084822,51.57288695,80617.73945,9.640022805,9274.654395,1.061060433,35.3,3.968392246,4.058876853,3.182787913,3.157776511,69.62656784,82.27480046,90.64880274,94.73204105,114.9794755,195.5632839,144.5450399,129.7981756,10.2645382
23.61113616,51.4037872,51.55725879,81907.4968,10.39104478,9701.372338,1.068537313,37.48,3.984841791,4.088752239,3.229791045,3.204453731,68.50029851,83.11402985,94.40955224,101.8376119,117.3026866,198.9779104,142.3761194,127.8555224,11.12835821
23.60430075,51.35180451,51.52857143,81038.70773,10.82940821,9884.316123,1.109456522,38.75333333,3.984788647,4.094794686,3.212137681,3.187149758,72.03562802,85.72101449,80.87681159,103.0253623,136.6751208,189.3333333,139.6714976,125.1014493,12.02838164
23.59861467,51.31323596,51.52461979,81166.6185,11.31701991,10172.51285,1.150044958,36.56666667,4.017533719,4.100276172,3.205966602,3.181412974,69.22800257,87.71997431,80.16184971,126.4431599,135.9537572,177.2870906,147.973025,109.5388568,13.05973025
23.5930499,51.27316448,51.51605608,83143.21062,9.788533494,10332.50875,1.207990344,38.12,4.00044659,4.093186482,3.23966204,3.214701267,69.17622209,88.83946892,79.57754979,133.6801448,124.9450815,176.4164152,173.8684369,107.936029,11.86964393
23.58626415,51.22679245,51.49615094,83571.09469,11.90852921,10830.2317,1.120026864,37.35333333,3.918784419,4.018173271,3.128072532,3.103760913,67.57824043,84.96104768,82.30355944,136.8435191,124.9039624,175.0060443,177.098724,104.0026864,13.35594359
23.57969175,51.17878513,51.47854337,83753.60994,12.30201294,11814.61538,1.133414809,36.79333333,3.919295471,4.017483825,3.163263839,3.138806614,66.43781452,84.94823868,83.56721783,134.5909418,134.0431344,176.4615385,169.0093458,103.4076204,13.97699497
23.57324157,51.13370141,51.46573892,85333.71989,12.91810883,11918.27589,1.148777877,34.44,3.913024086,4.01396967,3.161730598,3.137716325,67.33541481,85.59946476,83.23104371,126.0392507,128.5049063,192.235504,173.0579839,112.3425513,14.90098127
23.56800969,51.09687973,51.4610724,85183.02752,12.25626911,12160.20642,1.19764526,35.67333333,3.991689602,4.084717125,3.153272171,3.128623853,68.7087156,88.21253823,83.45718654,123.6636086,127.0015291,193.5703364,167.2981651,120.2737003,14.73776758
23.55954835,51.03763262,51.42709912,84153.4101,12.7935364,11802.66799,1.1402526,32.32666667,3.872035661,4.011783061,3.116210996,3.092585438,66.48291233,83.77488856,74.08618128,128.6225854,130.731055,203.8380386,152.1545319,116.4531947,14.64041605
23.55388585,50.99696418,51.41985428,82641.48699,12.44914498,12031.03511,1.143806691,33.98,3.891301115,3.999360595,3.15472119,3.13066171,65.24684015,83.29888476,75.11524164,120.8817844,132.6899628,207.1018587,145.8884758,107.4215613,14.29219331
23.54829787,50.95648936,51.41109422,82871.06201,12.43948681,12229.9216,1.14215253,37.35333333,3.917683535,4.018902352,3.188902352,3.16492516,66.16963649,83.76478974,80.96650036,112.215253,133.3428368,207.9429793,147.1019244,107.9700641,14.2466144
23.54238552,50.91530504,51.39829606,82677.30066,11.53179628,11845.40311,1.213792154,37.18,3.9669649,4.063062629,3.204728149,3.18035788,69.7467309,88.44253269,81.76187199,110.3592567,133.4356504,202.4790089,151.9242946,107.1204405,14.06951136
23.53669459,50.87433359,51.38948972,80576.02524,11.56285489,11910.27603,1.222066246,34.58,3.907515773,4.006253943,3.103580442,3.07909306,69.31940063,89.40536278,76.9637224,101.8911672,136.1356467,200.6246057,139.1119874,113.2839117,14.21766562
23.32910562,49.5962149,50.14148352,82781.37736,12.61698113,11728.12579,1.147562264,33.7,3.997924528,4.094837736,3.207101887,3.183132075,75.36150943,90.49283019,98.27018868,97.15773585,140.205283,176.6686792,151.9441509,124.8860377,14.52981132
23.29653805,49.39789538,49.930456,83318.27128,11.33843972,12029.59113,1.20941844,37.07333333,4.005673759,4.094439716,3.194312057,3.169815603,72.4141844,90.2177305,80.22978723,116.7177305,144.1007092,182.3702128,158.5106383,113.6524823,13.78806147
23.26626506,49.2148086,49.7373799,83945.05495,10.91260073,12590.3506,1.216454212,40.48,4.010937729,4.102410256,3.189648352,3.166227106,73.36776557,89.45494505,90.12307692,131.8505495,135.1765568,189.0373626,146.1802198,111.6615385,13.34358974
23.23389753,49.01892345,49.53339433,84591.04403,11.21456604,12811.16679,1.211939623,34.86666667,4.00709434,4.095592453,3.273909434,3.249403774,69.18415094,89.08,90.1690566,122.5524528,134.5886792,184.8256604,149.8716981,129.5773585,13.65283019
23.20246951,48.82708841,49.32972561,84864.84099,11.824947,12879.15724,1.126911661,38.27333333,3.952204947,4.096318021,3.143893993,3.11955477,73.12720848,89.41272085,91.92508834,115.2805654,130.3590106,186.0565371,152.0734982,138.6530035,13.34169611
23.17142204,48.64063405,49.13214449,86372.54789,10.35051086,11851.99644,1.118659004,38.09333333,3.999929757,4.096871009,3.266085568,3.242330779,83.63409962,90.99042146,84.97956577,125.2899106,135.3039591,197.4533844,151.1673052,134.8761175,11.61685824
23.1388635,48.442078,48.92184644,76584.21128,12.28029979,9505.463648,1.13143469,38.98666667,3.173426124,3.286552463,3.351727338,3.329321913,62.04354033,92.12847966,60.76374019,88.68522484,132.9578872,182.9921485,146.385439,118.5695931,13.92201999
23.10822794,48.25815938,48.73030626,75195.54235,11.76010401,8868.034175,1.230965825,39.26666667,3.215163447,3.308417533,3.346173848,3.324383358,57.51114413,93.87369985,48.50520059,89.20356612,151.0950966,171.9093611,153.0163447,100.7979198,14.5627786
23.0764885,48.06500685,48.52581087,76663.10105,11.03804878,8764.216028,1.228,36.3,3.196445993,3.3031777,3.347679443,3.325825784,59.5261324,93.30522648,40.37351916,66.98118467,158.1198606,186.9156794,179.0675958,89.65296167,13.64320557
23.04627684,47.88387392,48.33455155,75821.28187,11.2973796,7936.111898,1.211586402,38.48,3.191706799,3.297811615,3.347322946,3.325007082,57.49716714,94.02407932,40.36968839,67.74362606,162.6529745,180.898017,172.0524079,90.03399433,13.76558074
23.01596895,47.6998021,48.14142183,83445.84993,11.41314741,11312.87185,1.10747676,36.78,3.846706507,3.931952191,3.053824701,3.029183267,72.52257636,88.76361222,82.25498008,94.18459495,161.3837981,184.2934927,164.7782205,103.1792829,12.66533865
22.98263054,47.49893439,47.93164865,82110.63941,12.12634521,11725.45772,1.130090846,37.94333334,3.868791055,3.938902865,3.038043326,3.013291405,70.37316562,88.92872117,91.79175402,94.70440252,158.7127883,179.0356394,149.9091544,104.185884,13.73724668
22.95111077,47.30601035,47.72458917,81975.28127,10.85122435,12026.13722,1.159457313,39.10666667,3.881191264,3.944295169,3.054698875,3.030264725,74.53805427,89.37921906,91.10655195,101.6280609,145.4652548,182.8074123,157.1303772,99.69953673,12.62541363
22.91869202,47.10763498,47.5130038,83009.07821,10.33519553,13015.54004,1.220209497,34.46666667,3.853589385,3.921438547,3.010481844,2.985544693,68.89804469,90.35614525,96.94972067,104.6955307,142.0446927,179.7360335,160.2821229,105.1913408,12.67597765
22.88895985,46.93023114,47.32694647,82858.09807,11.68937593,13595.69837,1.233387816,35.39333333,3.853491828,3.916419019,2.987087667,2.962473997,69.12407132,90.93759287,88.69687964,104.3268945,152.7414562,189.1292719,147.7890045,104.6478455,14.45839525
22.85874126,46.74670112,47.13438735,81726.20316,9.986218375,12934.15446,1.223195739,36.62666667,3.863834887,3.918142477,2.954753662,2.929966711,69,91.3608522,86.5379494,100.6391478,157.3968043,184.4327563,142.3368842,104.9613848,12.26031957
22.825247,46.54435325,46.92080863,84000.10576,9.074405077,12789.84135,1.200243258,40,3.866398731,3.934331042,3.053416182,3.028995241,77.60232681,89.60338445,97.8265468,103.7694342,155.9936542,189.4373347,141.315706,110.2316235,10.94606029
22.79404346,46.35388239,46.7185838,84216.20406,8.722270982,12067.76742,1.212627537,39.25333333,3.900789907,3.975359298,3.054547449,3.029566648,77.22216127,89.56171146,94.39495337,109.6993966,148.2622052,185.6588042,150.7174986,113.6368623,10.63521668
22.76445289,46.17665653,46.5325228,85136.21002,9.132347616,12733.29511,1.22076041,38.15333333,3.921056126,3.987181654,3.005920338,2.98047073,70.24924562,89.54616777,94.52383826,104.5238383,144.4140012,193.5968618,155.8660229,117.5365118,11.21062161
22.73291831,45.98542363,46.33024598,85161.04311,8.154018095,10739.14316,1.240926024,38.21333333,3.932778073,3.986742948,3.00892496,2.9836562,69.34805748,88.89036722,81.42522618,107.1474188,140.465141,203.9872272,153.5508249,126.3693454,10.22139436
22.7018676,45.7973884,46.13407227,85336.45906,10.51182645,12364.24073,1.28890133,37.55333333,3.94073478,3.99030091,3.027053884,3.001560532,68.03638908,90.44786564,82.37088873,112.9811057,147.4975507,193.8250525,144.8327502,140.9349195,13.60251924
22.66907545,45.59846668,45.9239411,85449.78877,10.66475558,12748.47314,1.131768256,38.31333333,3.940838865,3.992806276,3.037779119,3.013083887,75.82317441,90.6071213,97.46409173,118.5322873,141.4061557,180.5262523,140.6131563,142.4936632,12.13095957
22.6379572,45.40851419,45.72226438,83896.48148,10.99012346,11766.2037,1.148617284,39.63333333,3.907802469,3.985876543,3.023746914,2.999154321,63.78888889,85.4345679,97.37901235,121.0098765,139.282716,179.9925926,136.9111111,130.682716,12.67839506
22.63499241,45.37977238,45.6370258,84717.31815,10.75951444,12077.27493,1.190393701,37.93333333,3.934527559,3.985406824,3.047434383,3.023484252,69.92322835,89.02821522,101.3950131,127.6430446,131.1023622,176.835958,141.8713911,135.9566929,12.85301837
22.65899848,45.50881639,45.67329287,83247.95597,11.80872642,11939.34636,1.240062893,36.5,3.943569182,3.993349057,3.07490566,3.049937107,65.55974843,89.2759434,118.6242138,92.76257862,134.0062893,180.6839623,152.3710692,111.1415094,14.72877358
22.68055851,45.61657308,45.68067992,85459.76599,11.10198151,12565.65484,1.222007926,38.8,3.942252312,3.988606341,3.082252312,3.057265522,68.01519155,90.70541612,105.2734478,140.5667107,140.8837517,192.1479524,128.8982827,111.5099075,13.64398943
22.70430825,45.73985133,45.70813107,82309.04215,11.58275862,12243.69604,1.224858238,28.98,3.92456705,3.971632184,3.038229885,3.013701149,68.5164751,90.37931034,80.651341,134.8199234,132.2467433,192.9716475,127.2490421,124.5578544,14.27739464
22.72577758,45.84850554,45.71567289,79861.68966,12.73131034,12295.03103,1.146055172,38.72666667,3.854255172,3.918241379,2.989296552,2.964337931,66.79172414,88.43724138,77.32137931,117.6965517,131.4565517,186.2027586,130.9006897,122.9186207,14.65275862
22.75038689,45.97663481,45.74510696,79702.91869,12.07567755,12721.4253,1.142140375,33.13333333,3.845253648,3.90505212,2.994232106,2.969881862,69.7248089,89.10701876,73.18137596,112.5837387,122.2779708,206.3015983,136.8200139,110.504517,13.84445217
22.77292868,46.09279211,45.76691958,79473.06326,11.97484009,11890.89035,1.148073916,35.4,3.843752665,3.902288557,2.964754797,2.939061834,66.46268657,87.38095238,78.12366738,109.8521677,122.3837953,203.4868515,130.4705046,115.8877043,13.79459844
22.79557106,46.20838768,45.78006977,79370.18727,11.37445693,11368.33708,1.226382022,37.38666667,3.843250936,3.895902622,2.93893633,2.91447191,68.81573034,90.73183521,83.37228464,107.4382022,137.17603,188.5932584,130.9198502,110.2157303,14.04194757
22.81817354,46.325,45.79884709,79607.09624,11.8026831,12153.7371,1.209528644,38.4,3.858513416,3.908948513,2.982371284,2.957461929,68.23785352,90.81580856,85.76649746,101.6693256,147.728789,179.5228426,137.9042785,105.0007252,14.33937636
22.8416199,46.44833915,45.83103291,80223.25912,11.67776184,12367.31088,1.200373027,38.02666667,3.874418938,3.927955524,2.998687231,2.973737446,68.49067432,91.4045911,95.43185079,89.2338594,140.338594,179.3974175,150.9956958,105.1621234,14.07819225
22.86474515,46.56407767,45.8439017,80718.37398,11.9563932,12789.95787,1.145232816,35.33333333,3.834368071,3.895506282,2.946311899,2.921899483,68.61419069,89.48484848,94.68736142,104.6533629,139.3185514,178.5646711,147.0007391,103.556541,13.7405765
22.88881639,46.69359636,45.88194234,81681.74037,11.96276748,13249.20169,1.155378031,29.71333333,3.877054208,3.927282454,2.990784593,2.965256776,71.57489301,90.98145506,90.42796006,105.8559201,139.3152639,190.0713267,147.6975749,103.3552068,13.87589158
22.91091902,46.8044131,45.89020322,76131.20617,12.12924264,8822.289621,1.161065919,37.63333333,3.245981767,3.287145863,3.332685835,3.308751753,61.78471248,92.55960729,72.50350631,90.96774194,138.6830295,170.7573633,146.4642356,104.6255259,14.13253857
22.93293904,46.91580224,45.90279042,76591.13333,11.3916,7734.92,1.236093333,39.43333333,3.24942,3.29206,3.338093333,3.313773333,55.24,95.92266667,71.88933333,87.85333333,141.5946667,172.036,149.5213333,104.6746667,14.15733333
22.95813989,47.04979518,45.94113185,77956.63082,11.32960573,8265.390681,1.219971326,38.06,3.234724014,3.277620072,3.319727599,3.295433692,61.92401434,96.009319,68.51756272,97.78351254,146.2867384,179.5483871,145.1741935,104.6179211,13.90609319
22.98043676,47.16449803,45.95935699,78825.10854,11.40513748,7647.642909,1.218031838,35.64666667,3.245499276,3.288096961,3.335115774,3.311128799,63.84442836,95.9934877,60.56295224,105.9044863,154.4196816,178.2431259,150.2329957,101.2214182,13.97539797
23.00335153,47.27846527,45.96830452,79483.92213,11.76964672,8555.010815,1.151290555,37.26,3.246445566,3.290209084,3.329689978,3.30739005,62.24513338,92.95097332,60.4556597,115.1160779,148.8940159,182.2739726,149.221341,102.7815429,13.60454218
23.02745752,47.40816141,46.00637136,79974.12365,11.66685787,8217.293658,1.135551307,37.3,3.254130019,3.299228808,3.334697259,3.311752709,62.94773741,92.10197578,60.01784576,112.290631,146.5442957,192.8170809,146.9700446,104.2574888,13.28776291
23.0493024,47.5192751,46.01941159,80481.19363,11.62841226,8647.43821,1.18086351,37.12,3.271942897,3.313481894,3.349171309,3.325696379,61.04317549,92.21169916,59.6086351,103.454039,150.5376045,211.4303621,147.1935933,90.48189415,13.78064067
23.07233849,47.6362754,46.03806491,79131.21212,10.56874459,7256.380952,1.214458874,34.58,3.256181818,3.293670996,3.3344329,3.311688312,59.89264069,91.85800866,61.22770563,93.51515152,149.2467532,223.0614719,141.352381,77.77835498,12.88917749
23.11855951,47.87513268,46.07854435,78385.62368,11.24756871,7752.389006,1.219563073,37.11333333,3.240458069,3.283446089,3.323016209,3.301282593,58.48273432,93.26990839,70.55250176,121.3375617,139.9168428,162.7977449,147.5701198,109.1557435,13.78646934
23.14175641,47.99529804,46.10511148,80050.88037,11.77913938,8425.595349,1.186548176,37.12666667,3.228129093,3.286155285,3.326342376,3.302422825,57.85500468,93.15341441,74.59307764,115.1431244,147.6520112,178.1496726,152.4153414,93.95696913,14.03741815
23.35051546,48.90175864,46.00060643,79833.58451,12.06622711,8734.938645,1.165172161,37.93333333,3.245128205,3.30181685,3.344717949,3.31959707,53.82197802,91.46373626,85.27912088,108.9465201,147.2424908,179.4461538,145.970696,91.54285714,14.10695971
23.37161691,49.03852099,46.23094408,79640.94388,11.41186224,8914.34949,1.210969388,32.35333333,3.240892857,3.296466837,3.326441327,3.301339286,58.42857143,92.47576531,66.63520408,129.8316327,136.5892857,181.3367347,140.5892857,109.505102,13.8877551
23.38165152,49.10262121,46.33893939,80331.42556,11.29908708,8235.544944,1.218370787,37.56,3.235196629,3.285407303,3.320365169,3.295533708,55.33146067,94.91853933,63.33286517,128.502809,142.1699438,185.4494382,138.6418539,112.6474719,13.83848315
23.39071493,49.15880036,46.43759467,80501.36074,11.99064493,8699.048294,1.211580439,37.58666667,3.232501772,3.283189227,3.323742027,3.298674699,53.71155209,94.17859674,63.19914954,128.3047484,140.0042523,184.1332388,144.2593905,112.5868179,14.59107016
23.40175678,49.22997123,46.55535363,80334.56985,12.11381215,9552.5809,1.169692186,37,3.231033938,3.287853197,3.330955012,3.306156275,55.41910024,93.17600631,77.33228098,99.95422257,151.0560379,191.898974,139.7805841,103.409629,14.21389108
23.41153497,49.29043294,46.65516197,79825.67204,12.17540323,9053.534946,1.144247312,39.00666667,3.229663978,3.283272849,3.327889785,3.302956989,52.09677419,93.2641129,77.83064516,94.01478495,149.4099462,198.7755376,139.8172043,96.47983871,13.98252688
23.42220372,49.35972453,46.77205994,79422.08187,11.43950877,8298.831579,1.186933333,36.73333333,3.221459649,3.274350877,3.308014035,3.283017544,60.22175439,93.26105263,69.7122807,96.6722807,153.2463158,194.9880702,134.4421053,106.1361404,13.62315789
23.43317191,49.43126513,46.89194915,77691.62234,11.42473404,7684.804965,1.215518617,38.09333333,3.239335106,3.290079787,3.316110372,3.290664894,52.60704787,94.83643617,51.04654255,105.1529255,136.7978723,202.8297872,127.0265957,121.4880319,13.95478723
23.44227163,49.48818814,46.99122807,80426.61871,11.12503597,7225.201439,1.22752518,35.41333333,3.134726619,3.296179856,3.243827338,3.219676259,60.07266187,91.40431655,40.96834532,103.8748201,136.6273381,190.9323741,153.5884892,147.9870504,13.70791367
23.45216997,49.55223046,47.09677907,78200.91241,11.00097324,6772.63382,1.132457421,37.46,3.275523114,3.402347932,3.360304136,3.337931873,65.13686131,89.27858881,71.82481752,111.9927007,133.540146,189.3163017,129.6046229,112.1909976,12.5
23.46186876,49.61384941,47.20139099,81761.47883,11.13828265,6773.905784,1.1492904,36.43,3.56456768,3.657280859,3.353482409,3.329081694,80.00178891,89.43410853,80.62015504,110.1013715,128.2432916,196.5760286,139.0578414,128.6583184,12.82110912
23.47186697,49.67771731,47.30899471,85527.8607,13.40058043,8532.529022,1.226616915,35.4,3.888474295,3.98752073,3.26208126,3.238648425,68.2761194,94.19900498,135.3830846,86.93034826,132.681592,162.9817579,143.6202322,156.5920398,16.5066335
23.48161076,49.74013297,47.41432457,85180.58252,14.00873786,8524.368932,1.195016181,36.35,3.900679612,4.017346278,3.364401294,3.3397411,57.96440129,88.18446602,140.5631068,122.9838188,130.4401294,163.9029126,127.7993528,131.7475728,16.77669903
23.24100137,49.60625859,48.30407571,77128.83966,9.893276802,7723.664446,1.040242277,37.3,3.685487583,3.768352514,2.926347668,2.90136281,77.23924894,84.94912174,87.23682617,80.72440945,145.752877,176.2895215,141.8388855,97.72986069,10.34887947
23.23793472,49.4864094,48.28973459,78727.55741,8.672442589,7255.906982,1.066109951,41.41333333,3.687787056,3.799721642,3.002602644,2.977759221,59.53583855,84.64509395,77.67014614,87.82324287,154.0584551,181.5810717,146.89492,97.3375087,9.290883786
23.23076923,49.23345011,48.24242193,78412.82821,12.77591898,9819.003188,1.094403601,37.66,3.704231058,3.810135034,2.880435109,2.855341335,66.47036759,89.06376594,88.92873218,87.08327082,145.1912978,186.0195049,137.7464366,97.60090023,14.01425356
23.22789281,49.11539281,48.23066382,77450.34834,12.61036977,9539.279542,1.201350482,37.62666667,3.708609325,3.730160772,2.822548232,2.797307074,65.37540193,91.26848875,77.95980707,89.96141479,140.9196141,191.1430868,129.6398714,106.5562701,15.21221865
23.22355894,48.9860076,48.20250951,76530.08726,13.03570681,10008.92147,1.22,39.10666667,3.70826178,3.795968586,2.776010471,2.750439791,69.51832461,94.44921466,80,73.63979058,141.7947644,179.652356,130.6031414,121.9518325,15.94764398
23.22073263,48.86405229,48.18581851,76306.61017,13.01822034,10475.22542,1.226830508,33.96,3.720601695,3.815025424,2.809101695,2.78370339,71.58983051,94.33474576,83.30847458,73.91694915,146.5898305,173.6983051,131.5338983,115.4169492,16.01694915
23.21778554,48.74346902,48.17223572,75113.46841,13.19940405,10168.65316,1.214946365,39.02,3.718092968,3.859570918,2.814171633,2.788533969,71.51370679,93.89988081,77.81883194,87.72348033,152.1764005,167.7663886,135.3539928,90.76281287,16.06674613
23.21490815,48.62369819,48.15447093,78533.79791,12.51498258,11217.58711,1.183658537,35.84,3.70695122,3.720139373,2.964111498,2.937526132,65.98083624,91.81707317,101.2404181,64.09756098,165.3797909,177.4947735,144.4982578,83.59233449,14.85191638
23.21857749,48.56073703,48.12617531,78052.18801,12.4802269,10762.26904,1.192755267,36.8,3.700664506,3.700437601,2.969416532,2.943517018,63.68557536,91.81928687,131.3452188,46.65640194,161.8962723,174.0226904,138.3322528,74.21231767,14.93192869
23.25498485,48.75698485,48.14893939,79058.28917,12.51218774,11020.21196,1.184859955,37.4,3.704965935,3.713663891,2.937009841,2.911551855,64.07494322,92.47009841,123.7623013,71.04314913,153.6290689,160.8039364,140.2573808,94.999243,14.87501893
23.29138662,48.95062065,48.16863457,73932.9549,13.00927152,11383.91269,1.226754967,37.36666667,3.687105014,3.780293283,2.701267739,2.67474929,70.9422895,95.35477767,73.59697256,94.17407758,141.3131504,164.6168401,133.9659413,95.39640492,16.00047304
23.32756847,49.14607354,48.19276744,75743.11756,12.2671875,8184.415584,1.234166667,39.30666667,3.252938988,3.418110119,3.34734375,3.324702381,57.70014881,96.43080357,73.92857143,78.81696429,157.3065476,165.8571429,141.9434524,99.25,15.18526786
23.36285153,49.33383731,48.20607802,75878.91304,12.38978261,8107.817391,1.212782609,35.8,3.242043478,3.232826087,3.341652174,3.321065217,52.37608696,96.6826087,71.75652174,95.05652174,150.1173913,163.7086957,142.7652174,97.96086957,15.0826087
23.39844434,49.52223229,48.22202084,77681.29614,13.47776866,8373.117309,1.161312551,37.13333333,3.255996719,3.228105004,3.370344545,3.349343724,55.86218212,93.94011485,91.27481542,75.19278097,157.4454471,167.1353568,143.6127974,99.09926169,15.707137
23.43552135,49.72357024,48.25079221,78128.73016,14.14063492,9064.365079,1.127333333,37.7,3.24481746,3.298492063,3.369912698,3.349039683,58.98809524,94.01984127,90.83968254,81.04920635,156.284127,174.4174603,139.8555556,95.9047619,16.00396825
23.47063169,49.91041761,48.26790291,75753.44288,13.27198748,9540.893696,1.21827856,36.34,3.636596244,3.731666667,2.92428795,2.899319249,68.72535211,94.53912363,88.14241002,67.01877934,154.1971831,175.543036,133.7793427,95.45226917,16.20422535
23.50601266,50.09966847,48.28285112,75190.22403,13.48167006,9976.221996,1.216822811,32.99333333,3.637443992,3.747668024,2.843095723,2.818014257,65.46232179,94.57433809,87.85539715,67.59470468,151.8472505,169.0081466,130.9735234,103.3767821,16.43991853
23.54177804,50.37866046,47.9477399,77193.7037,13.50962963,10183.53704,1.228314815,31.6,3.626416667,3.642861111,2.853462963,2.829194444,65.51944444,92.62962963,97.75,82.88518519,154.7574074,172.2277778,129.7611111,92.24074074,16.63611111
23.5107958,50.2459009,47.80075075,76513.98964,11.88321244,9365.440415,1.236062176,33.96666667,3.623305699,3.701948187,2.858,2.832891192,70.17098446,93.45906736,94.82279793,90.33160622,136.3896373,173.7554404,141.3036269,87.33056995,14.75336788
23.44903197,49.97906348,47.49332133,76148.61215,12.7567892,9054.556139,1.131252813,36.87333333,3.599317329,3.660652663,2.920142536,2.89468117,71.08027007,91.97749437,82.18754689,87.99549887,141.0202551,184.3135784,132.4726182,93.50487622,14.47906977
23.41964581,49.8569113,47.35749662,74600,12.45,7535,1.18,36.8,3.6025,3.685,2.8775,2.855,73.75,83.5,78,97,137.5,180.5,117.5,99.5,14.75
23.38910728,49.72567142,47.20660165,73690.0074,7.360547742,5763.712873,1.193737972,36.72666667,3.613012583,3.799548483,2.946817172,2.922139156,77.04071058,89.17024426,81.82679497,111.472983,146.1894893,148.0695781,140.0177646,72.35085122,8.871946706
23.35907591,49.59881488,47.06375638,72634.27734,8.095800781,6717.607422,1.159824219,37.30666667,3.617949219,3.726152344,2.915126953,2.890292969,73.9453125,88.82617188,74.21875,99.63671875,149.9199219,145.2675781,136.7441406,84.55859375,9.44921875
